"Active Users","Usuários Ativos"
"Active Users Settings","Configurações de Usuários Ativos"
"Active Users plugin can not be used outside Desk.","O plugin Usuários Ativos não pode ser usado fora do Desk."
"No other active users online","Nenhum outro usuário ativo no momento"
"Total","Total"
"Refresh","Atualizar"
"Settings","Configurações"
"Is Enabled","Habilitado"
"Refresh Interval (Minutes)","Intervalo de Atualização (Minutos)"
"The number of minutes to wait before refreshing the active users list","Número de minutos para aguardar antes de atualizar a lista de usuários ativos"
"Allow Manual Refresh","Permitir Atualização Manual"
"Visibility","Visibilidade"
"User Types To Display","Tipos de Usuário para Exibir"
"Hidden From Listed Roles","Ocultar das Funções Listadas"
"Roles","Funções"
"Hidden From Listed Users","Ocultar dos Usuários Listados"
"Users","Usuários"
"Update Settings","Configurações de Atualização"
"Auto Check","Verificação Automática"
"Auto check for new version daily","Verificar nova versão diariamente de forma automática"
"Send Update Notification","Enviar Notificação de Atualização"
"Update Notification Sender","Remetente da Notificação de Atualização"
"Update Notification Receivers","Destinatários da Notificação de Atualização"
"Update Note","Nota de Atualização"
"Latest Version","Última Versão"
"Latest Check","Última Verificação"
"Check Now","Verificar Agora"
"Check for new version manually","Verificar nova versão manualmente"
"App is up to date","O aplicativo está atualizado"
"A new version is available","Uma nova versão está disponível"
"Unable to get the list of active users.","Não foi possível obter a lista de usuários ativos."
"The system session expiry value is invalid.","O valor de expiração de sessão do sistema é inválido."
"Unable to parse the system session expiry value.","Não foi possível interpretar o valor de expiração de sessão do sistema."
"Note","Nota"
"If the user has any of the listed {0}, then the visibility of the plugin will depend on the status of the {1} checkbox.","Se o usuário possuir qualquer uma das {0} listadas, a visibilidade do plugin dependerá do status da caixa de seleção {1}."
"If the user exists in the listed {0}, then the visibility of the plugin will depend on the status of the {1} checkbox, bypassing the visibility status of listed {2}.","Se o usuário existir nos {0} listados, a visibilidade do plugin dependerá do status da caixa de seleção {1}, ignorando o status de visibilidade das {2} listadas."
